fichier,octets,sha256
00_LIRE_EN_PREMIER.txt,3420,e78d90f2b8fe2c15e2d8e42ed2b397e68cc06792d7aa9b5a5e5214c9518d31b6
01_Presentations/Formation_4_024_126_diapos.pdf,5841270,5fabc175d0f25701ae88d2dafca2bc407671a39e52cff62d478583d19b488620
01_Presentations/Formation_4_024_126_diapos.pptx,6111448,cdf18f008eabc08cdaf9565ab5f884424cb0b1ddd2d69e4a96348f72e046213c
01_Presentations/Jour_1_Fondamentaux_et_premiers_modeles.pdf,2368795,84ca8ba8d6c859fc33d2fc7fff297663612991f91a6500e96865b6f7ce4ec9e6
01_Presentations/Jour_1_Fondamentaux_et_premiers_modeles.pptx,2122775,3dbca60091741a46668c900de326ef155c7713e67d486d54316c4fecd88011b9
01_Presentations/Jour_2_CNN_LSTM_et_diagnostic.pdf,2607395,1e7534763d6b51aab13314b57defe1d6190eff537ee4d6aa7f9901cab7435fad
01_Presentations/Jour_2_CNN_LSTM_et_diagnostic.pptx,2409633,d7ef3a55464042dc7f22962a96b2789ddb642fef8e1c1c19dab694604272bef0
01_Presentations/Jour_3_Cas_metiers_et_projet.pdf,2443128,29e6fa1c64e7aa6f17e0e5e44ef58f91e60e010c063e8b4ad6586ed4979ca989
01_Presentations/Jour_3_Cas_metiers_et_projet.pptx,2178997,45017c4910e92915401fbc5f7c076c62ffb9ea4d3324e6b97f019c980d31db10
02_Documents/Cahier_participant_TP_et_projet.docx,198213,a1390968ec8bcb5ca5fc4bf10eecd0d9afd439c9cce413c222e8d8ad4b8a6a1f
02_Documents/Cahier_participant_TP_et_projet.pdf,386042,53246578c8b3cdec4b377cfaccb19c7d86b576de6a25dd6fb856d82b88853e00
02_Documents/Dossier_pedagogique_4_024.docx,3250311,4c003d5da876cacaf73f7ab6372a14aa653353a8a850c35dddaa56fbe670e055
02_Documents/Dossier_pedagogique_4_024.pdf,3585254,3315fb8379157148f3fbec3d917612a35c5f6d0487986f4e8839f20839e241b5
02_Documents/Guide_formateur_126_diapos.docx,224598,35eb35483cee8a20fee665843e45a500ab6b5fdc2beff7f7118211e65ef2ceae
02_Documents/Guide_formateur_126_diapos.pdf,682845,756bc3e590da4bea79b75f8de2e713c25fe61e3240455465c21302b3896b1170
03_Travaux_pratiques/INDEX_TP.json,1982,3fd0b44c4d0658389625aba89ff7937f243331f8036333a18d44fe9eb9eee8e0
03_Travaux_pratiques/LISEZ_MOI.md,1939,8e1fae80d7d723627d49a7e408161d7234e6d3497af950547491c3e33414d7a0
03_Travaux_pratiques/apprenants/00_Vérifier_son_environnement.ipynb,7369,38ae016e77b339f963c56799c252dc8f581bde9fa1c008cbd04612fe75130a43
03_Travaux_pratiques/apprenants/01_Tenseurs__gradients_et_taux_d_apprentissage.ipynb,6343,6392de7802fd6a05a488c2b98d89b37113d2eb7926199eb5d8b097712fea96a9
03_Travaux_pratiques/apprenants/02_Premier_pipeline_tabulaire__PyTorch_et_Keras.ipynb,9611,7c5d0d445050add36a67d92bb628d727796f6e5909ea8852ff2a537e8e258c5e
03_Travaux_pratiques/apprenants/03_Métriques__calibration_et_seuils.ipynb,7207,799e45e3b353ccea8a4fe1ce6dcfc20b3e0d3e099755ff9151e778992104521c
03_Travaux_pratiques/apprenants/04_CNN___classer_des_images_et_examiner_les_erreurs.ipynb,8261,338779bf42ec9e80ea970521d35f85011053f77eb8d662033c54b2a5a7a597b2
03_Travaux_pratiques/apprenants/05_Diagnostic_et_régularisation.ipynb,7278,d78d129b9c6480635b90b48787a1b71d026df3f10efea7a772046cb8b852146f
03_Travaux_pratiques/apprenants/06_LSTM_et_prévision_à_un_pas.ipynb,6113,2ca5fb0de9063f0706fd84bee9b1d79b0141f3c8f84cf1dddf30a8709a351c90
03_Travaux_pratiques/apprenants/07_Transfert_et_ajustement_fin_hors_ligne.ipynb,6655,677b7135c92ddcd568ebeed6d50000cc933872044c4c5c1df9bc9c0ef343a8fd
03_Travaux_pratiques/apprenants/08_Déboguer_cinq_incidents.ipynb,6765,55c6d35bffd54f06e2892f8ccaac6866fe40d080fd3d8434600c8acc2875ad42
03_Travaux_pratiques/apprenants/09_Priorisation_sous_capacité_et_dérive.ipynb,6359,50826177d8491d8be00aee01374f18f9e500ed0018ae51732d414a3bf35df10e
03_Travaux_pratiques/apprenants/10_Projet_final___un_prototype_défendable.ipynb,7742,b316354c03893952372e87850cf8169a71bb5a25f67888c130fe648b90a04904
03_Travaux_pratiques/corriges/00_Vérifier_son_environnement.ipynb,10380,de530014d231c8b9cc39183c3bd1149b2751377f6d1687b378e63fda6e9f4299
03_Travaux_pratiques/corriges/01_Tenseurs__gradients_et_taux_d_apprentissage.ipynb,9874,9467e80dbb7fdc6bca466d4ada4efb2b7c3f93331c0390d05eb4bee33328bcc9
03_Travaux_pratiques/corriges/02_Premier_pipeline_tabulaire__PyTorch_et_Keras.ipynb,11823,46cbc6fe39f1d28a9ecb0b30d2900a97adfc241b309ea9d272ef54a4bd2b4818
03_Travaux_pratiques/corriges/03_Métriques__calibration_et_seuils.ipynb,10631,d663fe9f64d05977b283e8910c6b38d1d78fee96f8edeed8672fbf9e073784bd
03_Travaux_pratiques/corriges/04_CNN___classer_des_images_et_examiner_les_erreurs.ipynb,12486,aa8fdecaa17e47a96643501a7986afed690d83b0518c0caf83468ebbd0d37513
03_Travaux_pratiques/corriges/05_Diagnostic_et_régularisation.ipynb,10545,39883e0a12f0a19a825ca7de08ca352967f5ae0812ade8c9803ebc57541ebb76
03_Travaux_pratiques/corriges/06_LSTM_et_prévision_à_un_pas.ipynb,9129,0897d2954b7df1dbcae686c5ec62a79a40c86ae702e8b4304fba966949bcdec8
03_Travaux_pratiques/corriges/07_Transfert_et_ajustement_fin_hors_ligne.ipynb,9680,0b3b920dfddb439d1a5acdad43f1dedeeabc140bf4360f9a3157c2b61ec311a6
03_Travaux_pratiques/corriges/08_Déboguer_cinq_incidents.ipynb,10363,004450a759a119bb4616b1cd52de6edfc3cb085e4c7a4e79fdf8f3b613a86d8d
03_Travaux_pratiques/corriges/09_Priorisation_sous_capacité_et_dérive.ipynb,9446,70ae94459e5c798262830d1454123da108752e8a4dcad20a605087d3c9c1ab87
03_Travaux_pratiques/corriges/10_Projet_final___un_prototype_défendable.ipynb,15085,8d37a83bf30dc23fbcacc57d84982acf9d048082c5235fd8a846ee456a64830c
03_Travaux_pratiques/corriges_executes/00_Vérifier_son_environnement.ipynb,10380,9d88e9be08919beced641cd42f2671c0779e41b5645a4db96affa958478b20ac
03_Travaux_pratiques/corriges_executes/01_Tenseurs__gradients_et_taux_d_apprentissage.ipynb,9874,2a9a450389e9eb9138b1555b1edb37c3d8535070b65e756c91f92e09d06ece17
03_Travaux_pratiques/corriges_executes/02_Premier_pipeline_tabulaire__PyTorch_et_Keras.ipynb,16470,bf323b3253d7966514a6424b7ccb41cd4d50591de31ef60311d0680f5eb31893
03_Travaux_pratiques/corriges_executes/03_Métriques__calibration_et_seuils.ipynb,10631,daeb8cef1700a8212b1fc70af75b9c353d1bc70e5bdfcb9bd76898339216562f
03_Travaux_pratiques/corriges_executes/04_CNN___classer_des_images_et_examiner_les_erreurs.ipynb,12486,9133bd358c3bc021dfb73d58dcc1607bf4e7e1e07561d2e504ad5d4937234419
03_Travaux_pratiques/corriges_executes/05_Diagnostic_et_régularisation.ipynb,10545,67cb4f19d12bdddb27f8de72381a43f7ae0dcffa36df5c0aff1a6baa266ec8b4
03_Travaux_pratiques/corriges_executes/06_LSTM_et_prévision_à_un_pas.ipynb,9129,6424de19524be1c79565257f965b7752abfc27f2df02f4537c14142e8b68f40c
03_Travaux_pratiques/corriges_executes/07_Transfert_et_ajustement_fin_hors_ligne.ipynb,9680,0ac64d9f2a502797a1cef36cc65cc4186fc73beb7df70b9491a909c08ef71d04
03_Travaux_pratiques/corriges_executes/08_Déboguer_cinq_incidents.ipynb,10363,f0b0297dd5ab42ef9b00fcedfa80a36b0b5413ab6f18193a16b1bd8de6dae38f
03_Travaux_pratiques/corriges_executes/09_Priorisation_sous_capacité_et_dérive.ipynb,9447,3d61b99382bfbbd830ba97aaaf6f9bc8246bf2688603b80d21a207d2a597f44a
03_Travaux_pratiques/corriges_executes/10_Projet_final___un_prototype_défendable.ipynb,15085,86431979bd33fa9c22888d7ad0b0e43399d9b1b5599ab45d759fc15ea2c49529
03_Travaux_pratiques/donnees/FICHES_DONNEES.json,2069,9bc0979123ecabea0233ff7f5830f64f7224d677e58bae4ccbc15f41c4e721c2
03_Travaux_pratiques/donnees/chiffres_8x8.npz,74509,5a1c8cf11d09908fbcb31a33be43b372686a59d40e87a23fa0fbbcfb3c32f1e7
03_Travaux_pratiques/donnees/documents_synthetiques.csv,39480,7fa43fc8cf8e60bb90250fb8f1f9961ecef0d4694a2ec1ae8e18f1c76bb35115
03_Travaux_pratiques/donnees/dossiers_synthetiques.csv,491435,4c8a848757025c7cbb45da2e73582850c51334766ed5697053cf8f40ef240f66
03_Travaux_pratiques/donnees/priorisation_rare.csv,1023160,5d2c6fc4642ec3aeeb0d64384f37b8ff9ddc0ddfd05cee11aeea6281cf2b5f1d
03_Travaux_pratiques/donnees/serie_synthetique.csv,29684,3cb2cc6ebe29ee956ed9065eeface2820464769e41a4691ca47681e8eb53a9bf
03_Travaux_pratiques/modules/atelier.py,13031,c4990eabe16c1e006890d324aa7ed48dfd30d0081dcf88c5f93881365c6d312d
03_Travaux_pratiques/requirements-cpu.txt,189,8d65a5389e63c0f020990a84a817feed2dbc83dc92762f811f430f28d52b9ee7
03_Travaux_pratiques/resultats/00_environnement.json,324,ac867825400b55fd4f446ff83d63c103e111d275ae9fae11b0323f4dcef64c54
03_Travaux_pratiques/resultats/01_taux.png,50248,e94d4ebf78fe8f94249e901975cc3f03328e18160d5c67298364b4ac73a30bf0
03_Travaux_pratiques/resultats/02_comparaison.json,1428,e3debd4224ab640bf93f40e691faa3bbfef188bc7e1b702b65d33ffc784f59dc
03_Travaux_pratiques/resultats/02_mlp.pt,7561,3b1636c221e7a4fcc53cc60530eabc1c012fa32d19099d347e58e01a0526f438
03_Travaux_pratiques/resultats/02_modele.keras,40160,08bc56fcd815f6455f2531a84d4b8eb8407d2cd0a0e8330eb79fc579c2ae45aa
03_Travaux_pratiques/resultats/02_pretraitement.npz,824,1f8c875e5fea79c29ffe0bc0c3a9ce012e7da896f485b860777e1a834141a154
03_Travaux_pratiques/resultats/02_pytorch.png,46462,e4557592dcc0acc38752e21710e3ef5a5f9eacceef256201df8c1b3556f2e5a4
03_Travaux_pratiques/resultats/03_calibration.png,44937,1b185728ac5676a89320f22a0e253b23f14680756d9c56f14362af11e844754d
03_Travaux_pratiques/resultats/03_confusion.png,29458,1134da557d2100e8b62bfb3c30e023ad4a07103f9c85503a74bb604d10e572ea
03_Travaux_pratiques/resultats/03_metriques.json,436,d10a5317d0552b17575c9851baec94edc9cfac9f56992acf25af79f942f3de02
03_Travaux_pratiques/resultats/03_precision_rappel.png,30075,ab1d4b21e962016d60f21a0458dc4a19853bf6d53527521746aa99394ac5e49b
03_Travaux_pratiques/resultats/04_cnn.png,47139,3e9d5acb72184973940d51fb181eb37bef1549e0423fd2bc17557a02a3cdb043
03_Travaux_pratiques/resultats/04_cnn.pt,10505,38b5bc9624aef31ae1dc3387b9098382e403436c7cbad5d096748f44c540c314
03_Travaux_pratiques/resultats/04_comparaison.json,354,d4cf835a168cc48e9789a576d1987cacde01d321f56b51dc11d815fdd982ace5
03_Travaux_pratiques/resultats/04_dense.png,51128,619906ddbc60d274a72701c193886b853d91d5772b432d867d984f33a436f8f2
03_Travaux_pratiques/resultats/04_erreurs.png,78784,1b7821a5415829c076c2135c292698d577534be31432a3bf94630ff069d3b825
03_Travaux_pratiques/resultats/05_dropout.png,48819,5a1c92449b282bb592c0990a8b51dde8c737b0c4373239f73a4b119a110fc75d
03_Travaux_pratiques/resultats/05_micro_lot.png,44747,639f6a4b9c3de808ae6964b00160e3e99ba9f28986209959b9dbdff4edbec8c8
03_Travaux_pratiques/resultats/05_penalisation.png,53647,eaa90918e600ef7593cb5c338e42c90617593242f5f1c022afbef9abd780993f
03_Travaux_pratiques/resultats/05_reference.png,54156,1cfff4b2eb11c3c31af80353ffa92cca76a363fa7cc607b3a81399880e442451
03_Travaux_pratiques/resultats/05_regularisation.json,496,65ac207b680819a066e02798209345dd594bb6ce7be721a2bb65b708a939e427
03_Travaux_pratiques/resultats/06_lstm.png,43574,ec622a0dad0f8ae983f30b02bd4d01506547437a1dc29b3f2cadd4679ebaba67
03_Travaux_pratiques/resultats/06_previsions.png,129794,d2c0462d86e10e73e7c013164b3fed7e74b6d89382a6272088b9448be3cc39d5
03_Travaux_pratiques/resultats/06_sequence.json,250,063a3f33714719a7aaa0aa9b9680b65e4a78223523e27cb3b7864e906ec804e7
03_Travaux_pratiques/resultats/06_serie.png,120534,5914a61e801205ad69fcf8c049b38dcef0c244de27bc96139aab93d67fb6e7ea
03_Travaux_pratiques/resultats/07_ajustement.png,63788,de4de4c1c0de12f30e95e3d69e57ab4212cf31f6f264113a2ae1a9b7a791a7cc
03_Travaux_pratiques/resultats/07_transfert.json,190,7006782037c00beda208af69407ca778040e11802a230cb6533c03d0831c3398
03_Travaux_pratiques/resultats/07_transfert.pt,10769,0a680971c709a2dafeee6635e4ee5739ccfb6266a0cefca7a8fa047cb1ee4bc4
03_Travaux_pratiques/resultats/08_diagnostic.json,242,ea8c87865f65ae2185778d5e92a60cf2239f578b0239142b173a3d83bec0e4ba
03_Travaux_pratiques/resultats/09_capacite.json,1326,62c67d3027a0f5fe6ea49282ddd54baa9073afe940c82676a786b2561f115a69
03_Travaux_pratiques/resultats/09_derive.png,31128,dd1a7560d7ed7c98ac4b4536e7f2aecfdcd3318fa23215970601761434e40fb1
03_Travaux_pratiques/resultats/10_journal.csv,137,63c180e69d9271ce9a236fbf09656e3c5262e9d242cb76e5c7507333383c52b5
03_Travaux_pratiques/resultats/10_priorisation.png,44244,87b4f10042cac636c78e4dce3acdf2364d0a8a6c425a63d2d76a7be8bbc26a82
03_Travaux_pratiques/resultats/projet_priorisation.json,843,2b00781087fed9e1fae93f3184afb96dd544ecd38a668269c8934c046803709e
04_Evaluations/Evaluations_et_corriges.docx,190550,6f8523d5d0ce174db1c998f6011f5013846978da31ed0422e948f70c5a5c3123
04_Evaluations/Evaluations_et_corriges.pdf,239830,1e5530ef282a08461a325e5714ab40d998e9e25b26688f50e1a1f213900a3a2c
04_Evaluations/Evaluations_participant.docx,190051,0caf3d4f008ba968b64756b67233cdeea948f82b22da6f8407d4ee92f09e9cc1
04_Evaluations/Evaluations_participant.pdf,235399,32de807b2f4a23936940139b9b14d48fcef0dcacbfa86f8a63a5a70adada3b8f
04_Evaluations/QCM_et_corriges.json,4172,3c81b5aa9b3062264e98552f21d8e66cd0ad2dd795299c4ff4ea55e284d8e511
05_Illustrations/001_hero.png,150664,24fd999c7ef4cb99d7a7dd8ecfb9b17c200db3ecfffbe296e9cc52442bddde50
05_Illustrations/001_hero.svg,10164,0b779fed3c05c6acfdbb599f5d69d96881fd9c5c095ca7f87773564c866d7def
05_Illustrations/002_pipeline.png,35608,2e2e1f3e6bf44cba441a0d7bb1f20d92ca59040b84b21a9da16fc2f109d3af49
05_Illustrations/002_pipeline.svg,2625,527c58771503189f9ec41cb2a190f5174e23e28b07e23fb8b55f0cb5f02e4440
05_Illustrations/003_journey.png,35141,a458f3bd20e68d34d62b7a7896b4292cbef26d669c8f0e237e2a33b59eda63dd
05_Illustrations/003_journey.svg,2399,c78390b1173bbd9d0a5914609f60034d3ecb0f9e16f8c2974e275085a1a70fed
05_Illustrations/004_diagnostic.png,47210,46b0e2e8617db2d38ca6cb6b4a53b6aca2bea3fa1fa6fcc782a2b3462804799a
05_Illustrations/004_diagnostic.svg,3582,62dd1429d1d7a1160137ead3d3af69b8aba74c476242c3b7e0f4e56af87691d1
05_Illustrations/005_taxonomy.png,59684,8403357fb50489ba8325c0ccda2cad8bb02f3ead1d704687b3cdb9c9147998d4
05_Illustrations/005_taxonomy.svg,2487,11f62c4d15ef209227421c4c7401d61279646edd1e2dc29def1b1dc6e10aa061
05_Illustrations/006_learningtypes.png,37623,b7ec9b4584eced64c98b7cc10b51bf19976d1d462804c801c3bc14d1c622eadc
05_Illustrations/006_learningtypes.svg,2163,b17741676215b8dcd82f61adcf5e5c2e4413229871f331a1589f1bb87abd6918
05_Illustrations/007_taskcards.png,41178,09bb04b43213bc7cbbd8d43685357ed60864248a4e3282912710041f1b8b45ff
05_Illustrations/007_taskcards.svg,2369,8e73b76be470213cd28e3f708437aacad5c261b3e1e014c8b62976f64f215cba
05_Illustrations/008_dataset.png,40257,67cb8bb891acf3ecdd32b7e5a98b7a8bd56031feb13dead9530b0c8ae8795e53
05_Illustrations/008_dataset.svg,2340,329d24435f6e04c19b32441f3dc44aeb07bd8b6b505773ee132d74b9198288b5
05_Illustrations/009_traininfer.png,50871,c2eab560d57e0131fabe56cae1bffccfc693def3691ea31fe82d47b2be31eb62
05_Illustrations/009_traininfer.svg,3798,01cb3ec169a5bf366daf6d3c6395ed4f6b938ccd9ce23262fc7f52f225c181b8
05_Illustrations/010_neuron.png,54662,36b78906a48d31af05aa1989877ada35deb6d429214cae91f99b7c372e5d1a4b
05_Illustrations/010_neuron.svg,2983,f6a2dded199ffebbefdaedf0c8a43e5eb65c677c4220c72c8a1c1f2954d0851e
05_Illustrations/011_xor.png,49401,0bf0d8507b04a338654c02247f683ba3921dd85630dee1b53890410d2e406c8c
05_Illustrations/011_xor.svg,3019,cc823cb064e8036eb91149cc09717efe94fb57ad97a0243385ba432516e561d0
05_Illustrations/012_activations.png,47956,5d544e71d4b875517cc3cd62fbbb8c34db7e607c1155cea5af834e000a96651a
05_Illustrations/012_activations.svg,5226,e8fbdf637e207cf8739f98dc67eec0ac47a7ad91b783a8f94e3f0eba36e11562
05_Illustrations/013_tensors.png,45924,83dd68c5d5c29966b196ade6db2133f4c06dd555f2ab0db32149445e16605023
05_Illustrations/013_tensors.svg,2881,fbac7b3202406e7f0e12a633a0ee271fe64e7dbf172f306fca0c6acc0475240f
05_Illustrations/014_shape.png,51630,6521318087dab0a858601f92654ce735f020ca8ac3b2f232f016659d98777541
05_Illustrations/014_shape.svg,5965,9cd733bed2a2a3486d728ac4b16428a8a7b6b882c182425ea43995def268116e
05_Illustrations/015_loss.png,54196,bf53dc55119bcd7ca21d0d69e0aab7c5022ed410b0b79d243abbe8096586a52b
05_Illustrations/015_loss.svg,3712,6f3f7d447265e224d69829f4dbf7686ebfa9057d58864b669508e72667240d00
05_Illustrations/016_gradient.png,51021,e03446c5eaea23b737e80a622835db3215cf055e3d00439eeb285d3fcb3237d9
05_Illustrations/016_gradient.svg,3521,1052df74795074ffb823eeb3a4c3ac3cd59d3e74efcabb4ff39e3862eceafa44
05_Illustrations/017_lr.png,51052,654774d887af3081dee9a3691db0ac2bc6cc1dd88b18d9257cee244f33421fd8
05_Illustrations/017_lr.svg,3296,9d87118e2e28fa2df424dc4ed69bf56c611ffb4421fa88fcd94942a833af001a
05_Illustrations/018_backprop.png,36463,e977293086665576fe77c440f0e3cd11d0c3f10c401666be12efc4ebfae901fb
05_Illustrations/018_backprop.svg,2627,ad2a5e4c4706b9759a4b6a72d9db940fa440a36eba3a073258f9525317681811
05_Illustrations/019_batch.png,36841,57862be500911e678daf765431b7ab6f8400f25d07440daff892da9716837181
05_Illustrations/019_batch.svg,2221,37334b52619be6776e98368605c1ca75efe22e5142159eee0bb187f4801df63a
05_Illustrations/020_timeline.png,45442,8f77dc39ec2483c65d5f37cd7b702771281ea7052835c9f9ea1af5ef98ed9d74
05_Illustrations/020_timeline.svg,2559,ccfce574966bc1f32e48f993dc9b4ab7115a1717adf71e2b3abdc00f442fa5cf
05_Illustrations/021_drivers.png,41166,bde22ac89731a73cb44cdc2600d21ed57ad88b1a48c5e54947556461182dcbb8
05_Illustrations/021_drivers.svg,2789,4f6fefa7a16edd33dcccafa7966d0c868d6d45b6144fa5aed45bee57e67bf8ae
05_Illustrations/022_baseline.png,37761,58761a0811c4eaf8299135a5e2a0be34d1672b98832783a32813cb9f379bb7f7
05_Illustrations/022_baseline.svg,2909,4824819a386476898565d823f552e8fcdba8df801f7a816fd2cdaa9564ffe6a2
05_Illustrations/023_framework.png,63661,612d2df8a270aa455faddbda97ac531a41281383f5822a8b6fbc9e0ed6165bcf
05_Illustrations/023_framework.svg,2800,c20f18ea5b1bd0be52be8be4a1ed25c467eabab744edc0c08e342f6daafaa5a4
05_Illustrations/024_stack.png,63415,ee6ae7c7cfa3c0ca415520c2c0633a6c80142ae5863a5797158c32c0223fdd9a
05_Illustrations/024_stack.svg,2811,38f552d7e0f2f11f5b8c42ed167fe0272236e11a05c52352950b5d3ea9d16459
05_Illustrations/025_environment.png,37382,1c4c6ff23b0697e1c013cf5e8cba2b190cd322b3826beb859e0787f7af84f6d5
05_Illustrations/025_environment.svg,2225,625a63f417eeb11fa3ff387e8a522c266313fce044cbc705a0d0b0d43f51f5b5
05_Illustrations/026_checklist.png,48980,ded591f424b27e70c4e29a82e9450e73c9e25c2b2ad7644af275a458a5c57bb9
05_Illustrations/026_checklist.svg,3606,28faf445d2974feb6e3f4961768a8507e751caec31013cf767af106cb60f6dbb
05_Illustrations/027_repro.png,43228,d08d217e08755168c95ba56e376d1595b259a9e0b54a7f122c78f07c093c0523
05_Illustrations/027_repro.svg,2365,e50da13a13da8e64a851ee50597db60fab7ff5b206b4c1b222c16f1cc43a7174
05_Illustrations/028_code_torch.png,57126,8084b39c9c7e7577971641e58405e121fa72cec297b82026ad27e7f095afdfca
05_Illustrations/028_code_torch.svg,1737,2dd107a767471fbbfa91fc3d5b1d0ca7f4400535959c4999e3b01ab6e2db41b2
05_Illustrations/029_code_keras.png,60481,dd88a1ded90598e4749ab844c4874d4e6bb7bc875e8d63a3df5befdb35f518f5
05_Illustrations/029_code_keras.svg,1807,c2badb4deb8d0dbb11729b4c1c3bca5e4f1b40107660a4c18871542b49dcbe1f
05_Illustrations/030_checkpoint.png,37205,e36e8784da0e916e938c144e8b5600d496374049fbb871c61dbb57844a6a016d
05_Illustrations/030_checkpoint.svg,2240,e88b4c532616bfe053db44935128afdee93a1efd7a8f2eb90394243b9bdf9ca4
05_Illustrations/031_split.png,46686,4cd7a0ff22f7ec78286b1a5861947ab0f0cc35ad3946da434e7acff712ac2d95
05_Illustrations/031_split.svg,2480,6ebffc492a79f35c65b0739c29904830e8148eb57137ee4fdae64295d383e287
05_Illustrations/032_leakage.png,38692,0235162d076dd167e262dfe6952e318f2ce710661903955b8bee71963d33a49f
05_Illustrations/032_leakage.svg,2369,cf4796b37b0d3c0a9cfda552e9a66ed0085426f54e8b7b4d0e16af10a0c2616a
05_Illustrations/033_scaler.png,37545,5ccd0b0c8605063de49da45bfc62e763be6f938938391d673935ae331185d229
05_Illustrations/033_scaler.svg,2345,b99486506699f5b48ab0a7cc19d247ceb1b134b5159d3b59503fd9b54051ed01
05_Illustrations/034_tpboard.png,41747,3709f3c6222ad1042a3d5a4389674356a31da46e9fa980b91f26599853cf3a39
05_Illustrations/034_tpboard.svg,2375,fa88305d8de9e579636cc6fb073aaa3d31160be6a22648dc473b2bd481cec0fb
05_Illustrations/035_pipeline.png,35441,2a0e51cd89fbf5afb9185f89fe959e993d14fff088ad85dcf8678b2c4dac0574
05_Illustrations/035_pipeline.svg,2622,03892cb332bde089df295e3bfae4d8f6704d7df5312deab6fd9b3b2f1b7f1edd
05_Illustrations/036_compare.png,37908,17a58732aecb6fd711595ea8471ad6485bc4907dd6026074423a98351774ee86
05_Illustrations/036_compare.svg,2478,603cb35fe23bdff2c1938804fcf159cd7e639e000c5ca92c7d9bab1ca898acf8
05_Illustrations/037_curves.png,54861,235d5f9e587f23bcebb3146cd7d21ac2358a35732332066bd3772129339a3329
05_Illustrations/037_curves.svg,3156,35b602fbd6e91327026a6b920bae73e66ea1ef059e32cb89f07b0327e162e80f
05_Illustrations/038_imbalance.png,59169,df20e44951931f80155b7a11334df95c8d15479e7ed6d2a55f9e5ffa812ce521
05_Illustrations/038_imbalance.svg,1850,9bafdf4062e98a235ad8644e1728ba759c42e9616ab14396fc815490e108b012
05_Illustrations/039_confusion.png,64983,6e9b202d0f71cb7b43a1f8b6c92b53994b42d2d0f19f59bc9e85aa03edcf2fef
05_Illustrations/039_confusion.svg,3277,307e907bfd4ca56b527c8819298f62193b18e6597f2d5777f43fbcba6828e230
05_Illustrations/040_threshold.png,51672,f67c326a240a95bdfb805b448a5f08206a12093844c508d8ab26542e8dbf7e15
05_Illustrations/040_threshold.svg,6763,45585c8e5f8f574113f13ed0855e4405f52b49f0d84f32bc44b91db2a28e2744
05_Illustrations/041_journal.png,45725,538277c5ae19f2177c04c8632c78d22c7ae13953c52297746fe5e412a5465fb6
05_Illustrations/041_journal.svg,3602,2c8cfb54ecf0aab83286f0c4ad463ef74c378e284e8b952ef7f8f246c505ed91
05_Illustrations/042_checkpoint.png,35923,40f49293fdef6396bc5ab14a0a20b8286a5df7800ea1323db297e510cf81d9d9
05_Illustrations/042_checkpoint.svg,2219,5d659519245f08d95f5a17c964d35dacdb8a044b7c6daa5a7283abfd9960cab2
05_Illustrations/043_hero.png,150664,24fd999c7ef4cb99d7a7dd8ecfb9b17c200db3ecfffbe296e9cc52442bddde50
05_Illustrations/043_hero.svg,10164,0b779fed3c05c6acfdbb599f5d69d96881fd9c5c095ca7f87773564c866d7def
05_Illustrations/044_diagnostic.png,47270,8b3a46e2de2b5d7aeaf01681d1ed75e7ae2c9a2c87bcb500054170e3702bf07a
05_Illustrations/044_diagnostic.svg,3585,84bc1e0ab45d29fceeedea706d7d8bd33d0ec644ebb2080313769d60df7bf018
05_Illustrations/045_architectures.png,34741,648eb0dfeaaafdad799553f094ed866992b671138d5665d37cdee0a9fd4aa162
05_Illustrations/045_architectures.svg,2410,5df4efd9e214a27b22e51b2d61995ddeb1f5f33b26662afe677efd3ce04f2749
05_Illustrations/046_mlpcnn.png,48770,9bb771199d8e9d03491a4cdd9dc1ec16a4eb1cfc4836da8c252e07cdb1bbafee
05_Illustrations/046_mlpcnn.svg,3763,4a2704b021141efa2a91b2fc7d577bf5f9ce6192dec6b39c6480a87151bb9739
05_Illustrations/047_digits.png,64649,11c0166d4ba6dfdbd3315bf22b5b00c4d703703ba93c44555171f53bfd6f975e
05_Illustrations/047_digits.svg,52710,2ba2ff0f7f505ae63b6471266ed32ffcc3714fae42858c8925dcefd3145f25d2
05_Illustrations/048_convolution.png,50943,e67f25d07978642f432d34b3532f5fbd2775fe8defbacaae29a199364de99e56
05_Illustrations/048_convolution.svg,9510,952d2946b100ae9f5f4877e3b265cba55e0b2e236de540dc20c5938d05d45a30
05_Illustrations/049_padding.png,58287,4632f533052e955f515cf54c256500060cadaf99c087fa76c1e4db1c89149c61
05_Illustrations/049_padding.svg,10427,de117fe3eaf8560717da7e53d04801a537ab370a62262cf9706e0d16ae4e1ca9
05_Illustrations/050_parameters.png,54245,ae787164fdc2c86f0de214ef41545ab8a3fa881fcd9dd24400cbb9ec91d581a9
05_Illustrations/050_parameters.svg,2097,310e93bc817228a84c8a713369f409c1eee70772a6791e9edf746e7952998df5
05_Illustrations/051_pooling.png,45065,2bbad5f28f809f957ca4d296a63e3dfb7046a82c8c170c06b4d661e072f41055
05_Illustrations/051_pooling.svg,5915,a29c5e1533efb4e281396ba8441a4b04b20c774e545fbdcb242c81e6bcebe225
05_Illustrations/052_receptive.png,49723,631ab4d2dcb131ce385a315b8d90157b441e91b1acd701d82cc956c337d0d30d
05_Illustrations/052_receptive.svg,9140,39f50e516e8cf76ef49c2a26037f3e8c4776ee667baa4f4d8b0030540651266d
05_Illustrations/053_cnn.png,35298,85cc98ded2966059d4eb040132c260145dace16db85bc71ea742856379ffc7cc
05_Illustrations/053_cnn.svg,2622,4fc6710cdf53f7b47f2822298cacb1f83380f5594f6e95bbc57020e1dfbb51f3
05_Illustrations/054_tpboard.png,41228,778d62c09a57c9fa509b4c3bee75e14f8219d50749884021c0e50ee70771a7fa
05_Illustrations/054_tpboard.svg,2367,8ffd871d2d819e5a7fc6e7b394691a06f2f0c6b9d2ceec4cf00530d0a8df312a
05_Illustrations/055_errors.png,152812,ce1359cf06b4e358ef9ce1d8964b8798c83e569d47caf58287c913bd8056a7d1
05_Illustrations/055_errors.svg,82918,3c6a3472fd35cf149a9413e59f3ed1baf01d190089c26c31c8924823e38643c8
05_Illustrations/056_rnn.png,41104,45223889d5b6049252f3657ca7e574cf067839e246270fd7f80f4c2ffaacf027
05_Illustrations/056_rnn.svg,5509,a8c0f9b8b75b2d353f6b28041ec8ca0ef572e878b5f101cb561bbf9be1c45858
05_Illustrations/057_lstm.png,42483,d5a3b6322b86bba089c7480da31f1dc5d756d3a965c5d0490a4b84adde4895a8
05_Illustrations/057_lstm.svg,2590,bebc80b241f99f9c9ddd951a2c15dcb088e3ff5eef2033f0ddc2a913713f111a
05_Illustrations/058_vanishing.png,41289,398392a5b5beca19727283e703269caf29105e9c89139f27417b5446771f2702
05_Illustrations/058_vanishing.svg,2217,51b7445fab6710ffc5458c90cf83f26778e425322366fbd19fc8f9594cd155b7
05_Illustrations/059_window.png,61325,39e0519dfc557d4c8c07cacfbf6d9e8404b0defcb4151e10acaeba92c1c16f96
05_Illustrations/059_window.svg,2477,c25c846f41b69265cf073858499b38640b5082a069f46e3c7a0c8427334dc196
05_Illustrations/060_timesplit.png,42357,c3f8d3aa5ef1812ead0444467bbb1ba5bab9ca92153cd356e25b395620c872ca
05_Illustrations/060_timesplit.svg,2445,e2b455969d2ba17b843d3b4ea263663707b375b2b6434684281b396f0b38562f
05_Illustrations/061_tpboard.png,41905,ad32f7fed3c6a33d456dffc04ebfb68344af623af7688a0e9d516d95da8ed1a0
05_Illustrations/061_tpboard.svg,2366,bbffeb78b4b1cbdd48a4a85e200e700265f7b0c223258bf65fb511161871d1c7
05_Illustrations/062_forecast.png,40603,735d1992c318cfac219a2e08b8bae8dc4f6ade617b35b0273ef6af01e55a361f
05_Illustrations/062_forecast.svg,2919,208dce872ddef6979d17a8e8a9b09a346d1d37af7565f5422abe709c0c843a09
05_Illustrations/063_attention.png,43249,29913b5335345b82c0172b18f378e4d14911810d50eb7d63ae59a188508e815d
05_Illustrations/063_attention.svg,1727,e1d0ab209b92d3540d33b327b14f73fd63641fdbc70801f5fb24cacdcc4395c2
05_Illustrations/064_section.png,33326,929985706799a055f7a23064fa7b264afe35e9291a21aa1c314eed3dbe126cc3
05_Illustrations/064_section.svg,2622,0d8d9de7a612f16b1bbed9885faf579c5154d8443daa782e632592a2cbd6d832
05_Illustrations/065_curves.png,77562,10196ec2e69d2052c82c2114fedd12800a320f6bd81cf56a2a026261d234af67
05_Illustrations/065_curves.svg,6345,8c53c919141fd22ddc5e6963fc5b081aeb6095ad836a155a3c30719e37d5a253
05_Illustrations/066_diagnosticmatrix.png,81736,af32bbf6e101ddd4c604c0778cf9fb6cd525d27361c16975550dc7ae5a8f5cd9
05_Illustrations/066_diagnosticmatrix.svg,5046,cc2277041ff93a7bad1abdd20d090a6c9229e9e80ec54f16ddd394af3354fc02
05_Illustrations/067_tinybatch.png,97495,25f90e159f6678a212a55c199c5a48fa52ea81b967d8db94244b50af3b116d57
05_Illustrations/067_tinybatch.svg,10791,d2e971391797ffba3cd32ed89e9342a86956a32498c1b318a7868a748a1976e7
05_Illustrations/068_optimizer.png,38624,963f2be7f819de525f07a7ea43651b1a10a630c1a8c1509dcfd34cbc64c15189
05_Illustrations/068_optimizer.svg,2616,b33550827e650135b810ea947d880f3a2f39fad4d654aa5569d262676eaa411b
05_Illustrations/069_regularization.png,38532,2abcae24fb3c1f26afab20f9754af3caf74014ccd21877560dcc5258951ddae7
05_Illustrations/069_regularization.svg,2771,6edb0bd35c0a6992f1b222e22f91a0e32d8448517601b5526a69c85ed72cf50d
05_Illustrations/070_dropout.png,160615,a5e50763831ee3d2958e995fbec6b7323f8b4cc72396e2fb57ea27963a6ed3dc
05_Illustrations/070_dropout.svg,12829,66d64a7640760487bb7544b96ab86d2669849fe887344e6f15566c4ed7021a72
05_Illustrations/071_batchnorm.png,52861,cbb8030c17d21a542743abe53db9886eda91be29b22f193a12205c318da75817
05_Illustrations/071_batchnorm.svg,3040,762740df5a0bc43e9cbd897ea42111740ff80009f35b1a8845f4e31496bf73cf
05_Illustrations/072_augmentation.png,65024,58375b29c92b55c50da05ca295982343e6e94090bfc902fced44458649eec0a0
05_Illustrations/072_augmentation.svg,52724,880cad746e60fcbe6356a5cd2a0787f6896b5dced864341a31bdd610d706df8e
05_Illustrations/073_earlystop.png,39624,856cb32c074683c29fc3062db57b52fe3a63f143ca1de1d7b2ab9a74d62e044e
05_Illustrations/073_earlystop.svg,2626,393b42fcdd6d9f2a4a2fe64993bee9dbeef9f0b69586736ad831ea0719eb7023
05_Illustrations/074_transfer.png,50924,0be1d6d8922b8a58865a7be9dcb862721201db0b9a2395bb5d2489e63160c82e
05_Illustrations/074_transfer.svg,3361,3bd54c27139db26bc1f3abaa13315f2a694f410a8ac9718c358cba414a43910e
05_Illustrations/075_freeze.png,38427,bb1865e75ed124ce833d2f87cea4e764864f31bcd3f51f265645376f238dd000
05_Illustrations/075_freeze.svg,2352,17a92b4c1b5ab36d83485039282868fbd8757c5886a2b02ea25915c03dfe9166
05_Illustrations/076_tpboard.png,41182,1d8373398c87e4ed727e92f23e8c61340a8028285453754da2306a5f12b3c5e0
05_Illustrations/076_tpboard.svg,2376,2355e5aa5a7fc74f945886b58319a386ebf41a8a6e45f542bb733accf853fbf5
05_Illustrations/077_checkpoint.png,34485,230a639f59e7bf354ad578b77831ce4190ba17629fe493fa4d47e4ee95652adc
05_Illustrations/077_checkpoint.svg,2213,b94606145d9b0bb0dae17bf175e5716b893137a9d8bdcf7fe114b253a503efb5
05_Illustrations/078_imbalance.png,57564,2727f73d2b5034110a066929ebf948f79982e799a3884fd74a4b2a4dbab8785c
05_Illustrations/078_imbalance.svg,1857,7d32b441fe03883f239bb0b93f5e8607454703130cbef677f4a17cbc6dd242da
05_Illustrations/079_calibration.png,62813,f541ed506c53f40870729ab9a106efa029eaa4c2be82a932703411bf93e52e7d
05_Illustrations/079_calibration.svg,3199,ea94ce743304a677e8a4b8eb0157a7ea29374d96f0c1fde8dce342de6c22be38
05_Illustrations/080_segments.png,37431,1f2e35236bbc1e93817d12fffa00664f2ccc3a9742e44fdfbb308d48462f9949
05_Illustrations/080_segments.svg,2339,21ff1131477d2cd3e9c09c156dc76c2faa9621c0231cb7cd86c548659bd9e8c9
05_Illustrations/081_incident.png,41409,4ab93c775f6c0c2f90665176f778b1303123f17b763cbddbae643d580101de50
05_Illustrations/081_incident.svg,2347,46a786f5a2d2e8158170bf703e66db8c96741ff31b3c482aa9f88ecbfafe53cc
05_Illustrations/082_journal.png,45076,b0dbe15f858de0d3c8814a072457edc76aa99da04d80064817f65e9abe6f1ca2
05_Illustrations/082_journal.svg,3597,d4d032888586c685a6c7fd31b7a1d56b12bd4013cdb39009ef014d24d5191cd3
05_Illustrations/083_defense.png,37007,b3763221d268e555ede80b908f72c462dbdf2a69a9a67d9b08f41365e78eccc6
05_Illustrations/083_defense.svg,2637,53b539b3dbb14f51e430825c332023d3938f19b760657d13132a804af236de25
05_Illustrations/084_checkpoint.png,36191,9a9ebe62e70f193a14c260093ce633439d2d74e4d5853836c1939e003af07669
05_Illustrations/084_checkpoint.svg,2219,aba1f2642d3cede9bf279757d02beac93fe1409e6b26478990d737bf062c727e
05_Illustrations/085_hero.png,150664,24fd999c7ef4cb99d7a7dd8ecfb9b17c200db3ecfffbe296e9cc52442bddde50
05_Illustrations/085_hero.svg,10164,0b779fed3c05c6acfdbb599f5d69d96881fd9c5c095ca7f87773564c866d7def
05_Illustrations/086_casegrid.png,43696,3d2e12e7911f638e1d0685db3f36c914c7dd594618580af1b8cec87e32f4079c
05_Illustrations/086_casegrid.svg,2385,f31cce3c6227bbf8e1e57f8fac8be36a5b94dde8458ae6fdb3510964ff67c917
05_Illustrations/087_case_foncier.png,49972,f3941b4f3a25258487393b34405b2f7bfc736969e588efd1df011ec228f1fd41
05_Illustrations/087_case_foncier.svg,2759,1d140bc8340e9bc697c871905e9c7c6caab8f905e08744906cfdd0baf3e88bfb
05_Illustrations/088_foncierflow.png,41115,8d68c5728d5307b75a2f5029487da392822c1aa4709a44277278d57380b06488
05_Illustrations/088_foncierflow.svg,2372,e72293b5c9c0320e12b0a5c0e15e338359ba1bbe5291c06e3fa9c26e2003e1d4
05_Illustrations/089_aerial.png,49367,e6c324b7782220d2d81fc9fcec8fd170a7839541843abb19911cd145e73c422e
05_Illustrations/089_aerial.svg,3376,373e493b861f50fee062e5220e00cb8013607e9f1790c577966252a3bcc3b5f5
05_Illustrations/090_case_cfvr.png,45850,ea14510242875469776ed19c0a17f957586774dd6a1cba259cf174af6490f300
05_Illustrations/090_case_cfvr.svg,2607,e03549083d92a64e31ec77784d4cf1e3817d8c3e1f6696571aa9c2e50ba028d3
05_Illustrations/091_topk.png,57667,3c832fff0ecea0c60d1d14bd40760245349229a6ab8122cc4757640998a37a0b
05_Illustrations/091_topk.svg,10000,00d53a657ea136856cef2ffd270dde43d9cb21dc17b91306573d6c741c4bec15
05_Illustrations/092_stream.png,40378,54b7cabfcdf8ce086f8724d9c25841da0a7554d4887543a96f0e10a1f930a97f
05_Illustrations/092_stream.svg,2779,b415ef1253cbe08b8727af4318b53087ec90262a2d1ce4502a5adb8856032be8
05_Illustrations/093_drift.png,68068,f9fcf1472845427376e8a9f8a9ee4b738da545a0b16f25eba6c895c92c7d15a1
05_Illustrations/093_drift.svg,5273,976a6c0efd4693d057f15c6cd56293ee0b3eb5a29005e2ba5d4f99c6562e36ad
05_Illustrations/094_case_health.png,46207,020c1f63603352edef973c6918bf964523a79013ea58f47aeb8a6e393af56541
05_Illustrations/094_case_health.svg,2615,bbbbf196a7bd701411cc7616e1e723bd131e11ada1164169470ce3cbd2eb5f0f
05_Illustrations/095_oct.png,58634,825cc4770700986cb7b02b4d01c18ec4f7bb0d996cbcbd7c80d90b02ab93801a
05_Illustrations/095_oct.svg,8571,54c9e566b568d7def8280c1f6bcbf9a49cb974f11498ee13eb0371de4ea18b3c
05_Illustrations/096_costmatrix.png,53537,2f1c61f297bd808e1429be7ee26b287baacb653c40a149f262c46a882f1d3ec1
05_Illustrations/096_costmatrix.svg,2490,1a6ad63b53e5cc40112f6b5ad6d5dd88eb98ba7bd34bd3fa651e04e2c9bf3eef
05_Illustrations/097_documents.png,45764,a8ed680fcab97f39ad84149307bf417d4836b7d8ec0c7d3e9ed1a6484fd9ab29
05_Illustrations/097_documents.svg,4025,ab2b9108d5b35a2009c551b9e45929a1cce272dd4e8819b25b5c30e10d79a542
05_Illustrations/098_decisiontree.png,44748,5e03529103ff574a2d153f71b96e5f170f3c9b88a04f5f072ba20c5a6ea95ebd
05_Illustrations/098_decisiontree.svg,3192,66c5c21f53f63784a337bd15e61e76ea32d2cf0a654ead91ab20527e9a88b263
05_Illustrations/099_sectors.png,40185,601dfa0e40c34966fb2590264be626aa19969d4c12ea3987326c89f9364fb1e2
05_Illustrations/099_sectors.svg,2354,c16b4af5da6a3027fa8a83bbf4440763c35b9c4cd85f0ace1fbbbb13b30cbd01
05_Illustrations/100_governance.png,36075,a170fbb8ea6507465427e7e9da54d41dc92528b688401416da105c0ca9615d9a
05_Illustrations/100_governance.svg,2631,4f021d67fe1808118bfb779f6c5633f4c8f27677088716cd3755991df6d8a04a
05_Illustrations/101_purpose.png,39851,a7b0bab63984b6d1a5b13698e3d2714f00ce2ff734685c3d283a7c9daacd5ef4
05_Illustrations/101_purpose.svg,2363,cf97f1e2990a8f71004eea00b092485ff54fb4169f29bce9e00b61961ba7ac73
05_Illustrations/102_humanloop.png,59856,1678845064262bf6f9b5ec047d789d86c958c8df25e527de2edbe5f90785ff15
05_Illustrations/102_humanloop.svg,3743,b7945c81d3ebf36e51b91ca2a72e2aa8a0e27d2ea73b74ffc97d15e9e5668c8e
05_Illustrations/103_compliance.png,42786,cd91289170c9c047e69a99e076c6a3b793d253615bcf0b10e123acb9f9a6811b
05_Illustrations/103_compliance.svg,3080,d0d8f05729d2ac48266aa3ad7cd4049b628e101730d219b70f005448e02f82cd
05_Illustrations/104_cards.png,33248,3edef374b9984c2e1123c8cb590d0e4a07c7391b9f1e7080b059e374180900a6
05_Illustrations/104_cards.svg,2006,050bdc174161c158a78040bed8bd2af3ed32a3b8287ed8691061e63c02375089
05_Illustrations/105_casegrid.png,44161,05ad22d69cb481a0d1c8703d1be1537cbf0d5728d31b8298b9818ba7e3f023d5
05_Illustrations/105_casegrid.svg,2387,b69040d2abe1a18507011af8894d594a10e1884c1dc6c23f012caae5667b1538
05_Illustrations/106_section.png,33966,1078c342f4d3a2e55be0c0f8a8fa9f1b2553baef210404b4a2f7d0693a4ca7de
05_Illustrations/106_section.svg,2632,aecb871540bee3540361e8896440714e5909c7155d59d0cdae354ef1f6cc5051
05_Illustrations/107_projecttracks.png,36281,7f80590597d60ffb8ec6ff74f2e6dcadc4e589146c8c24523bc281adeffe2f66
05_Illustrations/107_projecttracks.svg,2209,6b26a8645e374f9d753229247b3806ea1fd3665706b0e838e70e7e1b6cb30000
05_Illustrations/108_digits.png,65312,21f2bacbfefeea6ec62d66335c2ffa184cfd26d2543ab8af80e41fd85ff865f0
05_Illustrations/108_digits.svg,52709,fecf25c0bbefff9993eaf5850875093c95d10c402d57235fd698577cabd9337c
05_Illustrations/109_topk.png,56452,49d051c3579fe067e25800f8fea257c4093b13deb087fefa899f55a1f4d38a13
05_Illustrations/109_topk.svg,9972,109b0452dde20f6f68ca9aeedb9f3a7f80ff2d7e64ae4984a63d055a309ecb79
05_Illustrations/110_window.png,60687,01f7c685a3a2c1c9bbe5b19981500013adbd3e1b2f58cff2eefe0197ba0c61a4
05_Illustrations/110_window.svg,2461,1a0139fe89e86527fa09ea676824fdfd9621e53e1331695fb823bd2e57139e3a
05_Illustrations/111_documents.png,45142,d3b2ecf313e10bb34c2bee59552a2388e04836f60a393534411d5b274441353b
05_Illustrations/111_documents.svg,4008,b7d06485c133b7acd5fa60d3d8f82e1969d0fec7c69e25ce607ec2e3f4d359ae
05_Illustrations/112_roles.png,34542,535427f49d254898fb4c3e29457334cdb6263fbd3837c0476220a290b78c1585
05_Illustrations/112_roles.svg,2219,68670e3be98a59c3301ccfb167a9897e8f87f1e22df7eba035ea41722953e057
05_Illustrations/113_dataset.png,40537,f1e866a6dd84f36cdbb98fd6262f6ed80383697c0be1e4af3dd00d6f315aa3dd
05_Illustrations/113_dataset.svg,2346,6a6008607ac4136889fa8614649cc97a72351bedf93f3041b072bacbb093a251
05_Illustrations/114_baseline.png,37975,79e4ba1b4afa45e9d67667390b9211e4e5ead651cf055130df08c7ea83105aea
05_Illustrations/114_baseline.svg,2897,e8351929dbcdd09468aca63867bf1bd81218a4050563d73688530670a0943a87
05_Illustrations/115_metrics.png,40208,358bee46c9759b0e28f219bcfbb005a22a82107d7c0f1769b1514d92fce3e543
05_Illustrations/115_metrics.svg,2933,7a92a16defbf4234a5663ced910aada3356942fa0164c6082ce4b23dd950f998
05_Illustrations/116_journal.png,45539,be5836fde28d110a925a8b68b0650e967e9b4eae622f10ab24a82199a16b7240
05_Illustrations/116_journal.svg,3603,7a51675f352a313e713dee51b543fca0666a602c112c929306ac01d5568070ab
05_Illustrations/117_testlock.png,42751,be6d7c151a637497cb1d860cd9350829037b5b002213adf7be34863dd649736e
05_Illustrations/117_testlock.svg,1864,8abcc3e8774c2991880bccca6c7a657ba3b2aaeb054818090bf9331519f4e62a
05_Illustrations/118_errors.png,152812,ce1359cf06b4e358ef9ce1d8964b8798c83e569d47caf58287c913bd8056a7d1
05_Illustrations/118_errors.svg,82918,3c6a3472fd35cf149a9413e59f3ed1baf01d190089c26c31c8924823e38643c8
05_Illustrations/119_cards.png,33196,922fe4b82b849a37d2ff3794e7deee9a6e5e1433da09beb646463ec15d2bd0f5
05_Illustrations/119_cards.svg,2005,ff61efc461ee424fab7bc926363824aef84e738dd55933a5fb0486a5cb9febe1
05_Illustrations/120_executive.png,50036,853dfa1ce7a754e427836bc85199f23b8d77c3baa28221fc11670504be7b136b
05_Illustrations/120_executive.svg,2205,fffc6f4749574b42d1f606c3f766de6dabf7cd2c994dbdf82952d84793d2efb1
05_Illustrations/121_rubric.png,51116,7243347517c7aba59076b7ac69b39c067945e55f967036aca1219bf9e3d1d35c
05_Illustrations/121_rubric.svg,2835,e749143efb78ad652c05e2ac194ff04cd0ef1cc4a742298d2e08bd167138cbe7
05_Illustrations/122_defense.png,36376,902fa115f7d077392c6a9b860c99eb1cdfbba3c9855bc31e77d7480e2b2ffa72
05_Illustrations/122_defense.svg,2632,b91d7c21d1f76c9840116020f7808b324f8dc765349baf06aecdcd018c7eb5db
05_Illustrations/123_quiz.png,48798,59f14e1d7f6e27abe793add87923d2d3aa398f1272c7beaccd3dc9e510bb0607
05_Illustrations/123_quiz.svg,3607,42fd818136e33b5bfb86d95ee3e7d553ac64bebf951b03a236fc230f2b0aec8f
05_Illustrations/124_incident.png,42168,7e6d7edc9117868217af2868da57379a575a3e33b4152d6f20f029c5d3b815c2
05_Illustrations/124_incident.svg,2359,78fabbacd777086749a5849202ec75ecb0fc3572f4a91fb4cb4f5c553f707a06
05_Illustrations/125_deployment.png,38206,67241374bc1ca7b57de415052ef94e2ce1db169cd384f94926abaa72916967cc
05_Illustrations/125_deployment.svg,2782,d3857e6dfb19ceb8a8fa9187599ab45aab6408c3b849ac09fcda8b63cfe52dac
05_Illustrations/126_resources.png,41745,f0307a935f3d6541546027d15a8ffc557d0855ed2b885292f5c7d3713c5d198c
05_Illustrations/126_resources.svg,2922,05623652c4655fc6da978fa5c22e003a87a56040e6f919ed2f0551407e26406d
05_Illustrations/DOC_007.png,58999,f0eac42ec966d8388980f30f1866f89d64c5f2ae8ef1cb371b91bc294ffdb2d9
05_Illustrations/DOC_007.svg,16752,d597fa78a428df6da2f66d3e6bcb2ac3629a9e2f6a2bb3398e0cf46b6d3a36d9
05_Illustrations/DOC_017.png,47653,56231e28559d0ec57b733688d11ce3eea456c24b80da3b3dae7ee77c66bd6c89
05_Illustrations/DOC_017.svg,5531,9061df9f4dab9ff0324f67fff629bff857ec32c50bd2c28bbdf7d41df9ff46b9
05_Illustrations/DOC_027.png,75672,7d36c9bfe93d4477d5cfe36984cf322b340e033a8daffc642ae0cf6bc6d57a4b
05_Illustrations/DOC_027.svg,13720,ac69a27a854be77295fc7ca1fc5a80c791714b1d08c71dbdc2566d642216f41e
05_Illustrations/DOC_028.png,37824,494f8d8427b5307e84baa8eb3165c8e6e8b6d0c54f53c033cbd17f12be5e0841
05_Illustrations/DOC_028.svg,2173,89a872e6d4bdbd52341dddcf03bf073ffbbf40eed39488c128ac333b1564e9d8
05_Illustrations/DOC_030.png,80060,991a5c5aabaa8f1f2d5e862b2673ce1faa70bdad21a54132fbae5f48f08774ee
05_Illustrations/DOC_030.svg,7664,3b5999cc59aa4f9b2dfe0834c2d00d721a9b3ee07b2b5c92770e8637e8472007
05_Illustrations/DOC_040.png,45053,088342e605c708cd8d46e9d38536c04e91bccd1f88117f7e9f1e8174683611b1
05_Illustrations/DOC_040.svg,1747,a92dfb724b3d11b11ad7a060f384bef22209c5f5a70dfacfb4bfe1a331fb0c95
05_Illustrations/DOC_044.png,121348,797a6c516e40c65d9c8e2998a6b7ee021ec05eabe23c1c37ff0db2449f96f7ab
05_Illustrations/DOC_044.svg,15408,837d6737ca0b3feb0213afcbf33272578ebd4517739efb27153c8897ca858f8e
05_Illustrations/DOC_051.png,45970,464e6a7dc2c6e9fab738bf8df329361a8f30068161127c611d93b6c2b7d20e2f
05_Illustrations/DOC_051.svg,1758,08490ea6474e12e77abd4e93b188ca8f73a9a2146bbd10035f7b6e1c3e69b745
05_Illustrations/DOC_053.png,52339,940a14bc8f380bcc33a1b23baa7ba8090c7af3d706be967535e04b3335297ff6
05_Illustrations/DOC_053.svg,2392,42402a113fee895e5225c935cb81c0a93158fb250b0b357e3fe9299187a82f92
05_Illustrations/DOC_055.png,47499,cdb748e7a8a42e22113a6c5ef50fc5c79ab2ebb5471a6a0fd644e3b563ee2717
05_Illustrations/DOC_055.svg,3833,83989426268db9370965cdd97fb9297f56fca4d4c066b9b736943b58cf14b2a8
05_Illustrations/DOC_057.png,42297,6792fca3eb19716650f492a36f3dc52aa58d526d9be00121edb7dbd92c6cd0c9
05_Illustrations/DOC_057.svg,2148,ae0dde0f0dad63e6837cc29f38f92766ae3128e86a55f2b0a3e6af41f60ccf22
05_Illustrations/DOC_059.png,49569,c00acb164f1d6f8786770d2b80eafc2d8c5992986f60fbac2b37a898aa41847e
05_Illustrations/DOC_059.svg,1703,8165ea2703d44845950fb374c66b0e80a44a0616986e748fe23065151bba3687
05_Illustrations/DOC_060.png,47025,14d9856bd80707a09288ef2ebdffcbb874142d165b739fb6bffeb17adddc4a9f
05_Illustrations/DOC_060.svg,2336,7bd2c16bde1790b3e814e9cf9bbda97bf47af96734fcf748c50f128beea211db
05_Illustrations/DOC_061.png,44104,99ab4514d2a97621839f68d3dd5e600b0a7862016b1132f2c88724c366d37522
05_Illustrations/DOC_061.svg,4989,5dabee4ca6f5fada51bf155903e999a131266e7ed2861c1e4ea8ffd18ab914f0
05_Illustrations/DOC_062.png,54024,8eae3894f85bdce10a32b2da0516a9bcc12bbe5c4730024e09dc5159984c19b0
05_Illustrations/DOC_062.svg,2427,e696f3a71c82953ee68dffb2c0a67458c8194479844068eb302012428ffe0171
05_Illustrations/DOC_063.png,54722,c6c438e6bfec0c219547d18793c15cf6536fcd72a85e143986a15968a674dca7
05_Illustrations/DOC_063.svg,3913,8d2e003fc3dc15ca712b61b192ef8ddeb6f0bdf5b80bef4b2326d5dc05601df3
05_Illustrations/LISEZ_MOI.md,492,157e0e59f5411d12c933906492c167b9c371fc5be21962c9c7c180969914263b
05_Illustrations/detail_reseau_imagegen.png,47614,252363f055ad87ae093a0f8bdcb37b2bafee2ffa189ea217aebcc80b149bb908
06_Qualite/CONTROLE_ARCHIVE_UNIQUE.json,174460,96275d007416c3c5fe94da181a57c03d702b5073361869d636b4602967969cca
06_Qualite/RAPPORT_QUALITE.md,2013,6bfcb3d66809adcb02a0dc65d8fb51706a839808f5c71ef85cb594bd428b855b
06_Qualite/controle_geometrie_pdf.json,1126,064b9e678f420d40fac8ec9f7f49741b7482b574c87700e679d2ba30d69e0d3f
06_Qualite/controle_livrables.json,2095,77213c1b8bfc47a4a62b9bd7e038d46459240a76803fbdae30a6f0fa4afd2b94
06_Qualite/integrite_fichiers_initiaux.json,4453,f989fe3f3b607f0b482cba61f0ec5e900c7b1a7cdac5bc7fd4ea37b69a9dc9d4
06_Qualite/recette_exports.json,528,61898a79b70ee32689f0cc5b8dfef03970778e92d7dc8772e25ab911ecd13594
06_Qualite/recette_notebooks.json,1855,4f1dd30acbff03c9395a2fb2e76ef8b4dffb4525b4ab58fcf944506a9c727f33
08_Sources_editables/Choix_figures_dossier.json,2165,1d59c9eaea16168ca52e82feba16188698e836dd6d7c7ec4d4d045a5dac4b40a
08_Sources_editables/Correspondance_illustrations.json,27265,e5488c85a50232fe92d6fcfa7f7e78c83218660b589a81ed9393d76205e75f5a
08_Sources_editables/Dossier_original_fourni.txt,88499,8d1a7e9dcc7b999a25697fbc70b25e6983d203013624f21973d221d05eac5ddd
08_Sources_editables/conducteur.json,9470,d6c5c77b682934c35bca17cba3f83f6a31d99eca135c78a8178d385e769a45f2
08_Sources_editables/production/LISEZ_MOI.md,792,b80ab769ea12e5c3e3271645b0b418d72b34d65ed4f9777517a2d893d564a70e
08_Sources_editables/production/build_decks.py,5727,f360e1ecf8df3c4ca85a03f5bc54e3cd320b2d1c8d949a64f8d83c148c76b33c
08_Sources_editables/production/build_doc_figures.py,11117,4dc0cdbd3257f311fc291e0d7034f51e539b40987b1de1ace761bbb5c4aa5051
08_Sources_editables/production/build_docs.py,29917,13002a7fc07317ab26a95ed9d9efc5979e0bd6e2bba3e047b55844ea12ab3447
08_Sources_editables/production/build_visuals.py,30035,cbb9e3a15337580b1140712ab006252fd7f41926d8951e40ddd3d806cb308f6a
08_Sources_editables/references.json,9230,a9358ce09f57c31d8334c0283043c8ad9647b1f7b33ad238efc7dc5a6960a115
08_Sources_editables/slides.json,314119,102ea89fff2ef87d228adfc5b2d0401b1045d3a22da426c703bdadc8acc9b28f
09_Originaux_et_apercus/Apercus/Dossier_pedagogique_illustre_4_024_001.jpg,470129,f2ef61e12e21c2a7c8d6767b70e75472d3158966e823db12a4d59c17b2ed3e8d
09_Originaux_et_apercus/Apercus/Dossier_pedagogique_illustre_4_024_009.jpg,486459,a973f5c8d7852de1ae2a4b92ddfc20e6bc7908d8fb7e5615e9a472452629c17e
09_Originaux_et_apercus/Apercus/slides_001.jpg,318673,533df3dc4ba04d1b0457f4f708cc9e139789fac90e6f0dd8e77de5205b9bcf6e
09_Originaux_et_apercus/Apercus/slides_046.jpg,322781,4356c8992ae24811fed6dfe22e1ade424a73afbd06a9b814fe70dbe8806bf342
09_Originaux_et_apercus/Artefacts_techniques/.~lock.Formation_4_024_126_diapos.pdf#,75,6493c6eff483c5fdbc7785287344c9b46ff206e83dc12252a0ad1c81203fee67
09_Originaux_et_apercus/Artefacts_techniques/MANIFESTE_SHA256_archive_precedente.json,67478,662d43134a06494f2a70e4ca8857238ec3c91d361ff152afc30f0b21a1446480
09_Originaux_et_apercus/Illustration_presentation_anterieure.png,1861242,dec1f32df6a7ed8a4e2bdbcae59d06e921c49b828e3c87dd1f5adab58b922599
09_Originaux_et_apercus/Source_utilisateur/Pasted text(2).txt,88499,8d1a7e9dcc7b999a25697fbc70b25e6983d203013624f21973d221d05eac5ddd
README.md,2547,d62a630aba60f445f01ce8996f133c6a57fc9d5774749818620276179668d8e0
